{"avg_max_temp_degC":17.186254574623586,"avg_min_temp_degC":5.882487623252054,"total_precip_cm":294569600}
